upstream,downstream,upstream_event,downstream_event,lag_h,up_rise_m,down_rise_m,up_regulated,down_regulated
C.2,CPY002,2026-08-04T12:00:00,2026-08-05T00:00:00,12.0,0.42,0.169,,
C.2,CPY002,2026-08-23T03:00:00,2026-08-24T03:00:00,24.0,0.41,0.173,,
C.2,CPY002,2026-09-12T01:00:00,2026-09-12T08:00:00,7.0,0.2,0.077,,
C.2,CPY002,2026-09-21T04:00:00,2026-09-22T00:00:00,20.0,0.49,0.253,,
CPY002,CPY004,2026-08-05T12:00:00,2026-08-06T05:00:00,17.0,0.169,0.059,,Chao Phraya Dam headpond (backwater)
CPY002,CPY004,2026-08-24T15:00:00,2026-08-24T17:00:00,2.0,0.173,0.062,,Chao Phraya Dam headpond (backwater)
CPY002,CPY004,2026-09-20T21:00:00,2026-09-21T22:00:00,25.0,0.342,0.141,,Chao Phraya Dam headpond (backwater)
CPY004,C.13,2026-09-20T13:00:00,2026-09-20T14:00:00,1.0,0.29,0.98,Chao Phraya Dam headpond (backwater),Chao Phraya Dam tailrace (gate-controlled)
CPY004,C.13,2026-09-28T04:00:00,2026-09-29T16:00:00,36.0,0.235,0.55,Chao Phraya Dam headpond (backwater),Chao Phraya Dam tailrace (gate-controlled)
C.13,CPY005,2026-09-12T06:00:00,2026-09-13T11:00:00,29.0,0.57,0.395,Chao Phraya Dam tailrace (gate-controlled),"just below the dam, release-controlled"
C.13,CPY005,2026-09-15T22:00:00,2026-09-16T14:00:00,16.0,0.54,0.353,Chao Phraya Dam tailrace (gate-controlled),"just below the dam, release-controlled"
C.13,CPY005,2026-09-21T03:00:00,2026-09-21T09:00:00,6.0,0.98,0.876,Chao Phraya Dam tailrace (gate-controlled),"just below the dam, release-controlled"
C.13,CPY005,2026-09-26T12:00:00,2026-09-26T13:00:00,1.0,0.51,0.166,Chao Phraya Dam tailrace (gate-controlled),"just below the dam, release-controlled"
